<?xml version="1.0" encoding="UTF-8"?>
<beans xmlns="http://www.springframework.org/schema/beans" xmlns:xsi="http://www.w3.org/2001/XMLSchema-instance"
       xmlns:dubbo="http://code.alibabatech.com/schema/dubbo"
       xsi:schemaLocation="http://www.springframework.org/schema/beans http://www.springframework.org/schema/beans/spring-beans-2.5.xsd
            http://code.alibabatech.com/schema/dubbo
		     http://code.alibabatech.com/schema/dubbo/dubbo.xsd"
       default-lazy-init="true">


    <!--  dubb配置注册信息分割线  -->
    <dubbo:application name="${dubbo.application.name}"/>
    <dubbo:registry address="${dubbo.registry.address}"  protocol="${dubbo.registry.protocol}" group="${dubbo.registry.group}" />
    <dubbo:protocol  port="-1" />

    <!-- soa服务 -->

    <dubbo:consumer timeout="30000" ></dubbo:consumer>    <!--设置超时时间-->
    <!--17shop发票-->
    <dubbo:reference id="invoiceShopApiService"
                     interface="com.lenovo.m2.hsbuy.smb17.InvoiceShopApiService"
                     timeout="100000"    check="false"/>
    <dubbo:reference id="contractApiService"
                     interface="com.lenovo.m2.hsbuy.smb17.ContractApiService"
                     timeout="100000"    check="false"/>
    <!-- 省市区接口-->
    
    <dubbo:reference id="areaAddressService" interface="com.lenovo.m2.hsbuy.address.AreaAddressService" timeout="100000" check="false"/>


</beans>
