<?xml version="1.0" encoding="UTF-8"?>
<!-- Reference Manual http://logback.qos.ch/manual/index.html -->
<configuration>
    <property name="log.path" value="/data/logs/resin" />

    <appender name="STDOUT" class="ch.qos.logback.core.ConsoleAppender">

        <encoder class="ch.qos.logback.classic.encoder.PatternLayoutEncoder">
            <pattern>%5p [%t] %logger{36} %L %m %n</pattern>
            <charset>UTF-8</charset>
        </encoder>
    </appender>


    <appender name="invoiceChangeAppender" class="ch.qos.logback.core.rolling.RollingFileAppender">
        <rollingPolicy class="ch.qos.logback.core.rolling.TimeBasedRollingPolicy">
            <fileNamePattern>${log.path}/invoice.%d{yyyy-MM-dd}.log</fileNamePattern>
        </rollingPolicy>
        <encoder>
            <pattern>%msg%n</pattern>
        </encoder>
    </appender>
    <logger name="com.lenovo.invoice.service.log" level="info" additivity="false">
        <appender-ref ref="invoiceChangeAppender" />
    </logger>

    <logger name="org.springframework" level="WARN" additivity="false"/>
    <logger name="org.apache.commons.beanutils" level="WARN" additivity="false"/>
    <logger name="org.apache.http" level="WARN" additivity="false"/>
    <logger name="org.apache.velocity" level="WARN" additivity="false"/>
    <logger name="com.lenovo.m2.arch.framework" level="WARN" additivity="false"/>
    <logger name="com.lenovo.admin.extra.client" level="INFO" additivity="false"/>

    <root level="info">
        <appender-ref ref="STDOUT" />
    </root>
</configuration>