<?xml version="1.0" encoding="UTF-8"?>
<beans xmlns="http://www.springframework.org/schema/beans" xmlns:xsi="http://www.w3.org/2001/XMLSchema-instance"
       xmlns:context="http://www.springframework.org/schema/context"
       xmlns:mvc="http://www.springframework.org/schema/mvc" xmlns:aop="http://www.springframework.org/schema/aop"
       xsi:schemaLocation="http://www.springframework.org/schema/beans http://www.springframework.org/schema/beans/spring-beans.xsd
       http://www.springframework.org/schema/context http://www.springframework.org/schema/context/spring-context.xsd
       http://www.springframework.org/schema/mvc http://www.springframework.org/schema/mvc/spring-mvc.xsd http://www.springframework.org/schema/aop http://www.springframework.org/schema/aop/spring-aop.xsd"
       default-lazy-init="false" default-autowire="byName">
    <!-- ========================= BUSINESS OBJECT DEFINITIONS ========================= -->
    <!--&lt;!&ndash; 自定义AOP &ndash;&gt;-->
    <!--<aop:aspectj-autoproxy proxy-target-class="true">-->
    <!--<aop:include name="controllerAspect"/>-->
    <!--</aop:aspectj-autoproxy>-->

    <!--perf4j性能监控AOP-->
    <bean id="timingAspect" class="org.perf4j.slf4j.aop.TimingAspect"/>


    <aop:aspectj-autoproxy proxy-target-class="true">
        <aop:include name="timingAspect"/>
    </aop:aspectj-autoproxy>
    <!-- 自动发现bean，包括@Component@Service@Controller等 -->
    <context:component-scan base-package="com.lenovo.invoice.**"/>

    <!-- import the dataSource definition -->

    <import resource="classpath*:spring-config-dubbo.xml"/>

    <!--<import resource="spring-config-mail.xml"/>-->

    <bean id="propertyConfigurer" class="com.lenovo.invoice.web.CustomizedPropertyConfigurer">
        <property name="locations">
            <list>
                <value>classpath:other.properties</value>
                <value>classpath:env.properties</value>
                <value>classpath:ssocfg.properties</value>
                <value>classpath:velocity.properties</value>
            </list>
        </property>
    </bean>

    <mvc:annotation-driven>
        <mvc:message-converters>
            <bean class="org.springframework.http.converter.StringHttpMessageConverter">
                <property name="supportedMediaTypes">
                    <list>
                        <value>application/json;charset=UTF-8</value>
                        <value>text/plain;charset=UTF-8</value>
                        <value>text/html;charset=UTF-8</value>
                    </list>
                </property>
            </bean>
        </mvc:message-converters>
    </mvc:annotation-driven>


    <!--<bean id="exceptionResolver" class="org.springframework.web.servlet.handler.SimpleMappingExceptionResolver">-->
        <!--<property name="exceptionMappings">-->
            <!--<props>-->
                <!--<prop key="org.springframework.dao.DataAccessException">-->
                    <!--dataAccessFailure-->
                <!--</prop>-->
            <!--</props>-->
        <!--</property>-->
    <!--</bean>-->


    <bean id="messageSource" class="org.springframework.context.support.ResourceBundleMessageSource">
        <property name="basename" value="messages"/>
        <property name="useCodeAsDefaultMessage" value="true"/>
    </bean>


    <!-- 将其放在RequestMappingHandlerAdapter之后用于解决@ResponseBody乱码问题 -->
    <mvc:annotation-driven/>

    <bean name="velocityTools" class="java.util.HashMap">
        <constructor-arg>
            <map>
                <entry key="stringUtils">
                    <bean class="org.apache.commons.lang.StringUtils"/>
                </entry>
                <entry key="stringEscapeUtils">
                    <bean class="org.apache.commons.lang.StringEscapeUtils"/>
                </entry>
                <entry key="dateUtils">
                    <bean class="org.apache.commons.lang.time.DateUtils"/>
                </entry>
                <entry key="math">
                    <bean class="org.apache.velocity.tools.generic.MathTool"/>
                </entry>
                <entry key="dateFormatUtils">
                    <bean class="com.lenovo.invoice.common.utils.DateFormatUtils"/>
                </entry>
            </map>
        </constructor-arg>
    </bean>


    <bean id="velocityUrl" class="java.util.HashMap">
        <constructor-arg>
            <map>
                <entry key="homeModule">
                    <bean class="com.lenovo.m2.arch.framework.web.url.WebUrl">
                        <property name="url" value="${home.url}"/>
                    </bean>
                </entry>
                <!--样式、js、图片地址 -->
                <entry key="assetModule">
                    <bean class="com.lenovo.m2.arch.framework.web.url.WebUrl">
                        <property name="url" value="${home.url}"/>
                    </bean>
                </entry>

                <entry key="invoiceAddress">
                    <bean class="com.lenovo.m2.arch.framework.web.url.WebUrl">
                        <property name="url" value="${invoiceAddress}"/>
                    </bean>
                </entry>

                <entry key="companyInformation">
                    <bean class="com.lenovo.m2.arch.framework.web.url.WebUrl">
                        <property name="url" value="${companyInformation}"/>
                    </bean>
                </entry>

                <entry key="companyAuthAddress">
                    <bean class="com.lenovo.m2.arch.framework.web.url.WebUrl">
                        <property name="url" value="${companyAuthAddress}"/>
                    </bean>
                </entry>

                <!--验证码-->
                <entry key="verifyCodeUrl">
                    <bean class="com.lenovo.m2.arch.framework.web.url.WebUrl">
                        <property name="url" value="${verifyCodeUrl}"/>
                    </bean>
                </entry>
            </map>
        </constructor-arg>
    </bean>

    <!-- velocity引擎 -->
    <bean id="velocityConfigurer"  class="org.springframework.web.servlet.view.velocity.VelocityConfigurer">

        <!-- 模板存放的路徑 -->
        <property name="resourceLoaderPath" value="/">

        </property>
        <!-- Velocity配置文件 -->
        <property name="configLocation" value="classpath:velocity.properties"/>
        <property name="velocityProperties">
            <props>
                <prop  key="input.encoding">UTF-8</prop>
                <prop  key="output.encoding">UTF-8</prop>
            </props>
        </property>

    </bean>


    <!-- 禁用了原有属性：layoutUrl，layoutKey，screenContentKey，dateToolAttribute，numberToolAttribute，toolboxConfigLocation-->
    <bean id="viewResolver"   class="com.lenovo.m2.arch.framework.springmvc.view.LenovoVelocityLayoutViewResolver">
        <property name="viewClass"  value="com.lenovo.m2.arch.framework.springmvc.view.LenovoVelocityLayoutView" />
        <property name="cache" value="false" />
        <property name="prefix" value="/WEB-INF/vm/" />
        <property name="suffix" value=".vm" />
        <property name="contentType" value="text/html;charset=UTF-8" />
        <!--是否使用spring對宏定義的支持-->
        <property name="exposeSpringMacroHelpers" value="true" />
        <!--是否開放request屬性-->
        <property name="exposeRequestAttributes" value="true"/>
        <!--request屬性引用名稱-->
        <property name="requestContextAttribute" value="rc"/>
        <property name="velocityTools" ref="velocityTools"/>
        <!-- <property name="velocityUrl" ref="velocityUrl"/>-->
    </bean>

    <bean id="multipartResolver" class="org.springframework.web.multipart.commons.CommonsMultipartResolver">
        <property name="defaultEncoding" value="UTF-8"/>
        <property name="maxUploadSize" value="10485760"/>
    </bean>
</beans>